色選択,イン点,アウト点,スピーカーネーム,スピーカーAの文字起こし,スピーカーBの文字起こし,AやB以外
,00:00:07:19,00:00:21:16,話者 1,,,いい方法かもしれないですね。
,00:00:21:18,00:00:30:18,話者 1,,,それを読みながらという話です。200万。
,00:00:30:20,00:00:33:13,伊藤,話したいことみたいな感じで,,
,00:00:33:15,00:00:39:22,話者 1,,,は。
,00:00:40:00,00:00:45:15,話者 1,,,実行する。
,00:00:45:17,00:00:57:19,話者 1,,,ビジネスなので一番こうなります。中山先生にして。
,00:00:57:21,00:01:02:09,話者 1,,,ここ何度か。
,00:01:02:11,00:01:09:23,話者 1,,,で。
,00:01:10:01,00:01:18:00,船曳,,そうですよね そうですよね 言いましょう そしたらお互いのコート来たままで大丈夫です,
,00:01:18:02,00:01:43:14,話者 1,,,信じたらもう一回ですね。は結果が出ない。
,00:01:43:16,00:02:12:05,話者 1,,,ですね。
,00:02:12:07,00:02:16:01,話者 1,,,こう。
,00:02:16:03,00:02:36:02,話者 1,,,ですね。そう。
,00:02:36:04,00:02:43:16,船曳,,もう少し顔に近づけたらわかります。 そうだね。 ちょっとこのコート着てるのはなんだなぁと思うし,
,00:02:43:18,00:02:51:21,話者 1,,,この何度の。
,00:02:51:23,00:03:02:22,話者 1,,,ここかな。
,00:03:03:00,00:03:10:11,船曳,,喋ってて、服に引っかからなければOK これを取れば,
,00:03:10:13,00:03:14:01,船曳,,ふぅ、こんなところですかね。,
,00:03:14:03,00:03:23:22,船曳,,一応離しています。 はい。 はい、じゃあ私の方も大丈夫でしょうか。,
,00:03:24:00,00:03:25:14,船曳,,はい、じゃあ私の方も大丈夫でしょうか。 はい。,
,00:03:25:16,00:03:31:00,伊藤,はいじゃあ私の方も大丈夫でしょうか はい これですねはい はい はい,,
,00:03:31:01,00:03:35:21,伊藤,はい はい はい はい,,
,00:03:35:23,00:03:42:18,話者 1,,,はい。これ。これ。
,00:03:42:20,00:03:43:06,船曳,,そうですね。それがもっと完全に東京駅を見ながらしゃべります。,
,00:03:43:10,00:03:44:03,話者 1,,,そうですね。
,00:03:44:03,00:03:45:14,伊藤,はい,,
,00:03:45:16,00:03:51:16,話者 1,,,完全に。
,00:03:51:18,00:03:55:15,話者 1,,,ですね。ここで。
,00:03:55:17,00:04:01:04,伊藤,こういう感じでいいですか? ああ、これですか? はい 荷物だけこの辺に置いていって,,
,00:04:01:06,00:04:09:00,船曳,,寒くなければなりません,
,00:04:09:02,00:04:15:23,伊藤,どうですかね すごいですね,,
,00:04:16:01,00:04:19:07,伊藤,はいはいはいはい,,
,00:04:19:09,00:04:22:15,伊藤,じゃあちょっと水を避けてって感じですかね,,
,00:04:22:17,00:04:25:03,話者 1,,,確かに。
,00:04:25:05,00:04:30:04,船曳,,なぜか勝手に相手の方が右にいるのが趣味という,
,00:04:30:06,00:04:33:11,船曳,,それが右に入るのが。,
,00:04:33:12,00:04:34:17,伊藤,よいしょ,,
,00:04:34:19,00:04:57:10,船曳,,あ、そうかそうか思い出した,
,00:04:57:12,00:05:06:04,話者 1,,,れました。
,00:05:06:06,00:05:09:06,話者 1,,,よね。
,00:05:09:08,00:05:11:17,話者 1,,,入れ。
,00:05:11:19,00:05:18:17,船曳,,いやーなんかでもね 直前,
,00:05:18:19,00:05:27:06,伊藤,濡れてるわけじゃないですか 確かに柄ですね これ廊下だと,,
,00:05:27:07,00:05:30:11,伊藤,こういう場所はいくつも知ってる感じなんですか?,,
,00:05:30:13,00:05:32:19,話者 1,,,みたいな。
,00:05:32:21,00:05:34:15,伊藤,屋外でやるっていうとしかコンセプトがないのかな?,,
,00:05:34:17,00:05:37:03,話者 1,,,って言うん。
,00:05:37:05,00:05:39:16,伊藤,そうですよね。過去のやつも結構いろんな場所で。 皆さん。,,
,00:05:39:18,00:05:42:06,伊藤,はい、大丈夫です。,,
,00:05:42:08,00:05:44:02,伊藤,はい、大丈夫です。,,
,00:05:44:04,00:05:50:02,船曳,,いやすごいの直前記憶がね,
,00:05:50:04,00:05:58:07,船曳,,超短くなってるわけよ 博士のなんとかとかああいう感じで15秒ぐらいがあるので,
,00:05:58:09,00:06:03:16,船曳,,すごいもんですよそれは 人はね,
,00:06:03:18,00:06:07:00,船曳,,人はね,
,00:06:07:02,00:06:12:07,話者 1,,,人は。
,00:06:12:09,00:06:24:12,伊藤,いいですね。 雑談からですよね。 雑談からですよね。 今日の東京で見てるときに感じたこととか、 やっぱり屋外でやっていますけど、目に見えるもの、耳に聞こえるものの出方でします。,,
,00:06:24:14,00:06:40:04,話者 1,,,家。
,00:06:40:06,00:06:42:09,船曳,,今日はですね東京駅がすごく景色が見える,
,00:06:42:11,00:06:58:07,伊藤,今日はですね、東京駅がすごく景色が見える、いいところでって感じですが、 普段東京駅とかって使われますか船引さんは 新幹線 新幹線乗るときに,,
,00:06:58:09,00:07:17:14,伊藤,はいはいはいですよね 私も普段研究所は都内にあるんですけど 大学国際大学っていう大学にいるんですけど そこのメインのキャンパスが新潟県の南魚沼市にあるんですよね 知ってました 本当ですか 僕の先生は久保の俊平,,
,00:07:17:16,00:07:19:07,船曳,,今俊平。,
,00:07:19:09,00:07:20:23,伊藤,そういう方がいらして,,
,00:07:21:01,00:07:26:18,船曳,,ちょっと後輩もグローバルにずっといた人もいたり そうですよね,
,00:07:26:18,00:07:32:21,伊藤,私もクモン先生がもともとは 所長を務めていたところにいるので,,
,00:07:32:23,00:07:42:15,伊藤,大学の方は月に1回1回行かないかぐらいなんですけど この時期も何やかんやで 南大沼の街づくりとか関わっているので 月に1回ぐらい行っていて,,
,00:07:42:17,00:07:48:20,伊藤,そうすると東京駅出て 1時間ちょっとで着くので もう全く違う銀世界というかですね,,
,00:07:48:20,00:07:49:14,話者 1,,,っていうかです。
,00:07:49:14,00:08:00:18,伊藤,この時期雪が2メートル3メートルみたいな感じで 本当この1時間でここまで来れるのすごいなとつくづく思うんですよね でも何か書かれてたけど,,
,00:08:00:20,00:08:07:06,船曳,,駅もない鉄道も走っていない 私は出身が長野県で、安住野とか白馬とか大町とかあのあたりなんです。,
,00:08:07:08,00:08:15:16,伊藤,もともとは私出身が長野県の 安住野とか白馬とか大町とかあの辺りなんですよね 地元小さな1万人弱ぐらいの街だったので,,
,00:08:15:18,00:08:24:13,伊藤,地元小さな1万人弱ぐらいの街だったので 国道がなくて鉄道もなくてみたいなところだったので 本当に完全な車社会で,,
,00:08:24:15,00:08:42:00,伊藤,本当に完全な車社会で 高校勢いになったら電車に乗ってはいくんですけれども 本当に行動範囲はすごく閉じた 今思うと少年時代を過ごしていたなというふうに思うところですよね 私よく上城と はいはいはい,,
,00:08:42:02,00:08:44:04,伊藤,はいはいはい,,
,00:08:44:06,00:08:54:13,船曳,,3年ぐらい夏続けて 一月近く行ってました 調査で 調査じゃなくてね 昔なんか学生村とかいうのを,
,00:08:54:15,00:09:07:17,船曳,,県がやっていて 1日1泊3食付きで800円とか 民宿を800円はオーバーかな 1500円くらいの,
,00:09:07:19,00:09:11:08,船曳,,1500円くらいの 大昔ですから800円かもしれませんね,
,00:09:11:08,00:09:12:15,伊藤,いやでもそれでも大昔ですかね,,
,00:09:12:17,00:09:15:12,船曳,,学生時代? 学生時代行ってました,
,00:09:15:14,00:09:16:07,伊藤,学生時代って言ってました,,
,00:09:16:12,00:09:21:21,船曳,,それも3回くらい連続して そういろんな大学から学生が集まって,
,00:09:21:23,00:09:26:23,伊藤,そういろんな大学から学生が集まってきて 交流してるってわけではないんですかね,,
,00:09:27:01,00:09:34:08,船曳,,それでそこの方とは今でも年賀賞やり取りしておりますね,
,00:09:34:10,00:09:35:11,伊藤,それでそこの方とは今でも年賀状よりしていますね,,
,00:09:35:11,00:09:41:13,船曳,,だから上城それから白馬に夏下駄で行ったこともあって,
,00:09:41:15,00:09:48:05,船曳,,懐かしい場所です 私はまさに白馬最近でこそスキーとかあんまりやらないんですけど,
,00:09:48:07,00:10:03:01,伊藤,私もまさに白馬、最近でこそスキーとかあんまりやらないんですけど、 子供の頃は父と一緒に、毎週は遺跡かもしれないですけど定期的に行っていて、 白馬も本当に様子が変わってというか、 私、父の弟、おじが今でも白馬のあるスキー場で、,,
,00:10:03:03,00:10:17:22,伊藤,冬場は駐車場の整備員をやっているんですね そうするとまさにここ最近は本当にインバウンドの方 海外からの方がすごく多いので 父もたまにスキー行くと思うんですけど,,
,00:10:18:00,00:10:29:17,伊藤,平日の昼間行くと8割9割多分海外からの方で 日本人の方が探すのが難しいぐらいなんていうことは聞きますね その5本を読ませていただいて,,
,00:10:29:19,00:10:54:23,船曳,,そういういろいろなことを思い出しましたが 私が白馬に行ってた頃は 多分冬は人が来ても夏が来ないので それであの頃は長野のいろんな自治体が 東京からの学生の 例えば受験勉強とかひと夏 引き受けるっていうのがあって,
,00:10:55:01,00:11:00:23,伊藤,なるほど誘惑がないところで合宿みたいな形で集まって勉強しようと みんなでもないんですよ一人で行ってました,,
,00:11:01:01,00:11:06:09,船曳,,私はたまたま大学受験の時は 白馬ではなくて別のところでしたけれども,
,00:11:06:11,00:11:09:16,船曳,,もっと飯田の方でしたが,
,00:11:09:18,00:11:14:21,船曳,,もっと飯田の方でしたが 同じ長野県で、下の方に。,
,00:11:14:23,00:11:17:08,伊藤,飯田の方同じ長野県でも下の方に,,
,00:11:17:10,00:11:28:17,船曳,,毎夏、上城というところのMさんのお宅にずっと行っていて、,
,00:11:28:19,00:11:38:06,船曳,,長野は素晴らしいところですよね。 伊藤さんがいるから申し上げるわけではないけど。 元々ご出身とか生まればどちらでしたか?,
,00:11:38:08,00:11:42:05,伊藤,ナビキさんは元々ご出身とか生まれはどちらでしたか? 東京です,,
,00:11:42:05,00:11:45:16,船曳,,東京では東京の高さです。,
,00:11:45:18,00:11:53:08,伊藤,はいはいはい 結構あれですか、例えば子供の頃もしくは中高の頃なんかは 旅行行ったりとか観光行ったりはどうだったんですか?,,
,00:11:53:10,00:11:55:02,伊藤,どうだったのですか。,,
,00:11:55:04,00:12:07:05,船曳,,例えば小学校の時初めて関西の親戚を訪ねたりとか、それが一番の旅行でしたかね。 その時、高野山に行ったりとか,
,00:12:07:07,00:12:10:10,船曳,,あとはそれこそ修学旅行ですよね 京都に行くとか,
,00:12:10:12,00:12:14:20,船曳,,あとはそれこそ修学旅行。,
,00:12:14:22,00:12:18:15,伊藤,京都に行って それこそあれですよね 東京駅もかなり綺麗な見た目になって,,
,00:12:18:17,00:12:33:13,伊藤,東京駅もかなり綺麗な見た目になって 周りも整備されてですけど 本当に戦後すぐ生まれてそこから日本の ある種何て言うんですか 戦後日本の発展って交通網の発展と並行してきたようなところがあると思うので,,
,00:12:33:15,00:12:36:17,伊藤,全然移動スタイルは違ってきますよね そうですね,,
,00:12:36:17,00:12:42:20,船曳,,あまり本の話ばかりはいけないのかよく分からないけど やっぱり一番印象深かったのが,
,00:12:42:22,00:13:03:04,船曳,,本当に旅することはいいことだと思って 旅に憧れて外国旅行に憧れて アルバイトしてお金貯めてヨーロッパに行って それが階級と結びつくと思っていなくて,
,00:13:03:06,00:13:30:06,船曳,,"もちろん、なんていうか、上昇志向の中で外国旅行なんかもしたし、京都に行くとかね、旅行する時もいわば何かこういいこと、上昇志向はあったわけだから、階級とまさに結びついてたんだなぁと、今更ながら5本読んで思いました。 そこはかなり最初の4,50ページでびっくりで 旅行するのは絶対いいことで いいことを人より先にしてるっていう",
,00:13:30:08,00:13:39:17,船曳,,いいことを人より先にしてるっていう ほくらしさなんかとともに 日本の国内で旅行も海外旅行もしていたから そこには実はっていうのが,
,00:13:39:19,00:13:48:12,船曳,,そこには実はっていうのが いやいやいや本当だねっていう そうですね でも本当私も なんていうんですか 生まれて子供の頃から実はそうだったけど,
,00:13:48:12,00:14:36:13,伊藤,なんていうんですかそういうこそは 子供の頃からは別にそうだったわけで 本当全然ないですし いくつか大きなターニングポイントがあったなと思っていて 一つは子供の頃はどちらかというとなので 多分移動性は決して高いとは言えない ただかなり元気で陸上とかずっとやってたりはしたので 走ったりとか自転車乗ってどっか行くのは好きだったんですね そこから私の場合 大学進学のタイミングで いわゆるどちらかというと新学校と言われるようなところにはいたものの 当時今から10年くらい前なんですけど 東日本大震災から数年経ち 政治とか政策的にはいわゆる地方創生とか 街づくりみたいなことがちょうど言われた頃で 学校のカリキラムにもそんなものが入ってきてたんですよね たくさん中学高校とかで,,
,00:14:36:15,00:15:19:07,伊藤,そんなこともあって 都会に出るよりもなぜか当時の私は 地元に残って地元で何かしたいみたいな思いが強かったんですね 逆張りというか当時の教育の成功というか分からないですけど 地元に残ろうとで上田市にある大学に進んだんですね 結果的にそこで進んだ学部が環境と観光 今でも残ってるんですけど環境ツーリズムについて学ぶ学部だったんですね 産業だったり経済のことと観光のことと 環境のことと街づくりとみたいなところだったので そういったところに行って初めて 単なるまさに観光っていうと,,
,00:15:19:09,00:15:23:01,伊藤,年に1回例えば家族でどっか新潟の海に行くとか 伊豆とか熱海の方に行くぐらいだった,,
,00:15:23:03,00:15:41:12,伊藤,伊豆とか熱海の方に行くぐらいだった 私に環境とそこが結びつくんだとかですね 街づくりと観光が結びつくんだとかで 社会学の先生もたくさんいたので なるほどとなんかポジティブなものばかりでもないんだなみたいなことをですね その時に ポジティブなことばかりではないんだなっていうのが,,
,00:15:41:14,00:15:50:04,船曳,,もう実はそういう研究は何十年も前から 移動とかモビリティというのはされていると呼びましたが あまり実感としては考えていなかったので,
,00:15:50:06,00:16:09:11,船曳,,あまり実感としては考えていなかったので いいことばかりではないんだぞというのだけでも 私にとっては大インフォメーション大情報でした ずっと確信していましたね いいことなんだという 私も何て言うんですか,
,00:16:09:15,00:16:12:23,伊藤,私も何て言うんですかね 移動自体は全部否定したと,,
,00:16:13:01,00:16:16:16,伊藤,移動自体は全部否定したと それはそれで全然違う気はしていて そうですよね,,
,00:16:16:18,00:16:19:20,船曳,,ポイントとしては多くの それこそ移動したいとか 移動が好きな方がいて,
,00:16:19:22,00:16:26:20,伊藤,多くのそれこそ移動したいとか 移動が好きな方がいて どんどん自分で移動できる方は それこそ移動して,,
,00:16:26:22,00:16:37:05,伊藤,多分それは個人にとっても もしかしたら国としてもいいことなのかもしれない ただ他方でもしかしたら 失われた30年と言われるような時代の中で,,
,00:16:37:07,00:16:40:05,伊藤,経済的に上向きだった時代とはまた異なる,,
,00:16:40:07,00:16:59:03,伊藤,この30年の間で何て言うんですかね 移動だけじゃないと思いますけど 教育だったりとか経済的な部分だったり 格差が拡大している側面がある それに伴って移動に関しても 同じような問題が可視化されて 人々が関心向けるようになって 私の本も移動と階級というタイトルで,,
,00:16:59:05,00:17:03:06,伊藤,これ今の時代に階級つけて読むかなみたいな いろんな人読んでくれるかな,,
,00:17:03:08,00:17:08:03,伊藤,いろんな人読んでくれるかな 実際ここだけの話 階級は実は私がつけたわけではなくて,,
,00:17:08:05,00:17:16:02,伊藤,階級は実は私がつけたわけではなくて 編集とか出版の方が提案してくださったんですよね ガツンと 最初そういうのが移動格差みたいなテーマだったんですけど,,
,00:17:16:04,00:17:20:22,伊藤,いや格差じゃなくて階級でいこうみたいな ただ蓋を開いたらありがたいことに多くの方に読んでもらえて,,
,00:17:21:00,00:17:28:19,伊藤,ただ蓋を開いたらありがたいことに多くの方に読んでもらえて もしかしたらそういったところへの何かモヤモヤとか 課題感を抱えている人が一定数いるのかもしれないなと思いましたね,,
,00:17:28:21,00:17:29:14,船曳,,そうです。,
,00:17:29:14,00:17:32:17,伊藤,そう思います。,,
,00:17:32:19,00:18:14:22,船曳,,"昔とか以前とか言っても いくつも以前があるんですよ 20年前もあれば40年前もあるし それこそ60年前もあっていろいろなんですが 割と2,30年前のちょっとした以前に しきりに地方から来た学生たちが いかに自分たちは不利で 東京の大学に来て 不利でなおかつその不利は 一生その格差は埋まらないっていう言い方を 先生なんか東京生まれて東京育ってて ずっとということを何度も言われて",
,00:18:15:00,00:18:27:17,船曳,,いやそうなんだろうなと思って それ以来考えるようにはなってたんだけれども もっとまとめて読んでなるほどという感じで,
,00:18:27:19,00:18:55:17,船曳,,例えばある本は愛知県にいながら 名古屋に行かないとその雑誌は売ってないとか言うので それなりのそういうのを売っているところに行くと そのそれなりの雑誌を見に来た 同じ年ぐらいの中学生とかちょっと増せたのがいたりして,
,00:18:55:19,00:19:13:10,船曳,,でも別に新幹線で名古屋とかそのあたり 岡崎とかのあたりなのに東京とは全然違うんですって言われて それもやや恨みがましい目で言われて 先生分かってないでしょってやつで,
,00:19:13:12,00:19:14:03,船曳,,分かってない。,
,00:19:14:03,00:19:16:02,話者 1,,,です。
,00:19:16:04,00:19:28:04,伊藤,"ですよね 多分分からないです これもぜひ船引さんの感覚をお聞きしたいんですけど 今2,30年前にもっと前の時代 40年前 50年前もしかしたらそれこそ 高度経済成長期で金の卵でみたいな時代って",,
,00:19:28:06,00:20:23:03,伊藤,"もちろん構造的な格差みたいなものは それこそ交通網に関しても多分今よりそれがあったと思うんですね 新幹線もない空港もないみたいな ただ何か多分もしかしたら東京に出ていけばとか都市に出ていけば 何か人生がすごく良くなっていくんじゃないかとか ある種構造的な格差みたいなものさえも 腫れのけて切り開いていけるんじゃないかみたいな 多分すごいモチベーションというか 何か思いを持って多くの人が来ていたのかな ただそれが今まさに20,30年前からみたいな話と重ねると そういう個人の何か力ではなく これはもしかしたら社会全体のちょっと停滞した雰囲気感もあるかもしれないですが 何か個人で頑張っても崩しきれないような構造というか 社会的経済的な課題を感じているのかな そんなことは思うんですよね",,
,00:20:23:05,00:20:57:05,船曳,,この若い方とお話をするという構図が 昔のどこを参照しながら話していいのか ちょっと頭がクラクラしますよね やっぱり最初は一番の驚きは 中学生の頃とか同級生が金の卵として 列車に乗って上京してくるっていうのを 新聞なんかで読むわけです それはもうリアルに同級生ですよ こちらは高校に入った 向こうは中学をそれで集団就職ってやつだよね,
,00:20:57:07,00:21:06:21,船曳,,向こうは中学をそれで集団就職ってやつだよね その後もずっとファンだったからよく覚えてるんですけど 森井真一さんっていう人が鹿児島だったかな,
,00:21:06:23,00:21:54:16,船曳,,そこから東京じゃなくて大阪に行くと それはほんのそういう金の卵というか ある私の友人は箱に詰められたリンゴなんだという言い方を知っていましたが そういう人たちが中高ぐらいの時から すでにある移動を持って 国の経済の政策とか行政とかいろんなことで 移動することで自分の生活を切り開いていくというのを聞き 大学に行けば日本のいろんなところから来ている人がいて そこには移動があって ただ東京に来れば3ヶ月もすれば全員東京人じゃんと思ってたんですよね,
,00:21:54:18,00:22:05:14,船曳,,"それが大昔ではなくちょっと前の昔 2,30年前の若い人たちに",
,00:22:05:16,00:22:35:19,船曳,,いやそうじゃないんだ そこの格差は埋まらないんですよと まず東京に家がないっていうだけで 我々はローン込めなきゃいけないけど 東京丸の人は親が残したものをっていうような そういう話ですね 伊藤さんのご両親はもともと長野で何か…,
,00:22:35:21,00:23:19:21,伊藤,そうですね うちは長野で でもうち父は普通のサラリーパーソンというかサラリーマンですよね もうよこそ定年までずっと同じ企業で勤め 高校卒業してずっと同じ企業で勤めてというパターンで 母の方は同じ長野の中でもいわゆる軽井沢とか あっちの方の出身で ただ大学まで母は大学まで出ていて 一度なので茨城の大学に行って やっぱり長野に戻ってこよう 戻ってくるとしたら学校の先生だろうというところで 学校の教員で戻ってきてというところで なのでずっとそうですね 何かこう2人ともすごい旅が好きとか観光が好きというよりかは どちらかというと多分同級生とかも,,
,00:23:19:23,00:23:30:06,伊藤,すぐいろんな旅行行ったりしてる家もいたと思うんですけど どちらかというとインドアな趣味になったので 家で音楽聴いたりとか読書したりとかっていう感じだったので,,
,00:23:30:07,00:23:43:18,伊藤,本当そういう長野県出身の親のもとでっていう感じでした なので私は大学院に進むんですけど 一橋大学に進むんですね この時に一個面白かったのがあまり親に言ってなかったんですね,,
,00:23:43:19,00:24:04:02,伊藤,そのことを言っていなくて 親としてはこいつは一体どうするんだろうと思っていて ほぼ合格してから親に言ったんですね 大学院も受験していて、なんとなく言ってはいたんですけど、どこに行ってことは明言せずに、実は行くと。 親も学部まではお金出せるところは出すよと。もちろんバイトもしてねと。,,
,00:24:04:04,00:24:27:10,伊藤,親も学部まではお金出せるところは出すよと。もちろんバイトもしてねと。 大学院以降は自分でその奨学金借りるなり、自分でやりくりするのであれば大学院でもなんでもどうぞっていう感じだったので、 言ったら母は4年生の国立大学を出ていたので 一橋ねすごいねという反応だったんですね ただ父と妹はそれはどこですかという反応で,,
,00:24:27:10,00:24:29:03,話者 1,,,か。
,00:24:29:05,00:24:33:12,伊藤,新州大学は知っていると東京大学も知っているけども,,
,00:24:33:14,00:24:43:02,伊藤,一橋ってどこにある何の大学だいという反応で 確かにそういうコミュニケーションは全然取ってこなかったし そうだよなという,,
,00:24:43:04,00:24:47:04,船曳,,それとも伊東家というのが長野のその地位では,
,00:24:47:06,00:24:57:04,船曳,,確固たる位置を占めているので 東京なんか無視できていたのか でも多分やっぱ接点だと思うんですよね もしくはある種の学歴的なものに対する,
,00:24:57:06,00:25:11:00,伊藤,でも多分接点だと思うんですよね もしくはある種の学歴的なものに対する 感覚だったりとか受験というものの位置づけだったりとかが 本当に一橋に来てそれは強く感じましたね 全く捉え方が違うし,,
,00:25:11:02,00:25:17:11,伊藤,こんなに真剣に まず勉強してきている人たちがいるんだと,,
,00:25:17:13,00:25:22:06,船曳,,みんな一つ。,
,00:25:22:08,00:25:25:00,伊藤,当時私がひたつ橋に行った時っていうのは,,
,00:25:25:01,00:25:54:11,伊藤,結構外部からの進学者が多かったんです 内部では私のコースに関してはですね そうすると奈良の県立大学から来ましたとか 関東周辺の私立大学から来ました 私も長野県の公立から行きましたが 大学院で初めてそこに集まってくると その時はあまり気づかなかったんですけど 数年経つと内部の進学者が私の教授のゼミというか研究室に上がってくるようになった時に,,
,00:25:54:12,00:26:02:13,伊藤,ある種の例えば当時の研究室でいうと親の職業であったりとか 年収的なものであったりとか,,
,00:26:02:15,00:26:07:10,伊藤,年収的なものであったりとか こんなに大学院に進む学生の親は大学教授なのかみたいなことに,,
,00:26:07:10,00:26:09:23,話者 1,,,ないの。
,00:26:10:01,00:26:15:08,伊藤,たまたまかもしれないんですけど非常に驚いたという これは多分本番はラジオではカットしていただけたらと思うんですけど,,
,00:26:15:10,00:26:20:02,伊藤,これは多分本番はラジオではカットしていただけたらと思うんですけど 私は進んだのが町村隆先生という,,
,00:26:20:04,00:26:34:11,伊藤,私は進んだのが町村隆先生という 数年前まで日本社会学会の会長とかやってて 都市社会学とかの先生だったんですね 北海道の町村家ってすごい有名な家柄で 市民党の町村官房長官とかその家,,
,00:26:34:13,00:26:38:10,船曳,,そこのお嬢さんは僕のゼミ生だと思うけど,
,00:26:38:12,00:26:39:00,伊藤,そこのお嬢さんは僕のゼミ生だと思うんですけど,,
,00:26:39:01,00:26:40:23,船曳,,本当ですか 多分そうだと思う,
,00:26:41:01,00:26:41:23,伊藤,んです。,,
,00:26:42:00,00:26:57:14,船曳,,あのね、だいたい町村君っていうのが高校の同級生にいました。 それは町村の割と直系の人で、 それから僕のゼミにいた彼女は、やっぱり町村家で、,
,00:26:57:16,00:27:05:09,船曳,,確かお父様が、お父様一探しの、おいくつくらい? 数年前に体感したので、ちょっとそれくらいですね。,
,00:27:05:11,00:27:09:17,伊藤,数年前に体感したので、ちょうどそれぐらいですね。 奥様も放送大学になってます。,,
,00:27:09:19,00:27:11:19,船曳,,それのお嬢さんは僕の学生です,
,00:27:11:21,00:27:13:19,伊藤,そうですね。 それのお嬢さんは僕の方が多いです。,,
,00:27:13:21,00:27:18:21,船曳,,そうでしたが 私も東大に聞いてはいたんですけど そこに行ったら知らないので,
,00:27:18:23,00:27:31:08,伊藤,私も東大に聞いてはいたんですけど、どこに行ったの知らなくて。 そうだったんですね。 こういう人っているんだな、みたいなことをすごい感じたっていう。,,
,00:27:31:10,00:27:37:15,船曳,,そのなんていうか 純粋バイオ純真さ的なところに むしろ私なんかは,
,00:27:37:17,00:27:39:22,話者 1,,,で。
,00:27:40:00,00:28:21:04,船曳,,驚くとともにむしろ惹かれます つまりじゃあ東京にいたら東京が中心だと思って なんとなく他のことはわからなくなっているかっていうよりもむしろ 東京にいるからこそ処方とは何であるかとかね この東京から外国に行かなきゃとか すごい意識して生きていたので そのあたりの話だけでもう何時間も終わっちゃうぐらい 伊藤さんのその純真さはご家族がよっぽどいいのだっていう僕の最近のあれでは つまり息子がどこに受けたかを知らないってね それは大変立派な親御さんですね,
,00:28:21:06,00:28:26:18,船曳,,それは大変立派な親御さんですね そうかもしれないですね そこに関しては多分まさに伊藤みたいな観点で,
,00:28:26:20,00:28:48:08,伊藤,そうかもしれないですね そこに関しては 多分まさに移動みたいな観点で 私妹はずっと地元にいるんですね 地元で就職して地元で結婚してに対して 私はある種外に出ていったっていう状態で もしかしたらそこの長男ではあるんですけど 継がなきゃいけない家とか畑があるわけでもうちはなかったので まあまあみたいなお前は行ってこいみたいな,,
,00:28:48:10,00:28:57:07,伊藤,まあまあみたいなお前は行ってこいみたいな 妹は逆に近くにいてっていうところで そんなところもしっかりそこまで話すわけではないですけど 感じるところはありますね,,
,00:28:57:07,00:29:09:14,船曳,,この頃すごく若くても本出す人とか どんどん若年化していると つまり大谷君のような感じになっているけれども でも20代で心象を出す方ってそんなに多くないんじゃないですか,
,00:29:09:16,00:29:18:14,船曳,,でも20代で心象を出す方ってそんなに多くないんじゃないですか そうするとお父様なんか本出したのかってびっくりするんじゃなくて,
,00:29:18:16,00:29:28:19,船曳,,本を出したのか以上終わりみたいな感じですか そうですね やったなまさとみたいな まさにと言いますか出したことは知ってるしすごいね,
,00:29:28:21,00:29:40:23,伊藤,まさにと言いますか出したことは知ってるしすごいね 多分私ありがたいことにいくつか学術書も含めて出してるんですけど すでに? そうですよね そういうことは博士論文を本にしたりとか,,
,00:29:41:01,00:29:42:09,船曳,,長野県の本屋さんには並ばないじゃないですか,
,00:29:42:11,00:29:47:15,伊藤,ただそういうものって まさに長野県の本屋さんには並ばないじゃないですか,,
,00:29:47:17,00:29:52:13,伊藤,東京の例えば丸善とかならあると思うんですけど 新書に関しては一応並ぶので,,
,00:29:52:15,00:30:07:09,伊藤,新書に関しては一応並ぶので 自分が見たというよりかは周りからの反響で 親も息子はいろいろいろんな人に読んでもらえるものを書いたんだなと知ったみたいな そういう感じだったと言ってましたね ただまだ全部は読んでないという風に言ってましたけど,,
,00:30:07:11,00:30:18:13,船曳,,長野というのがとてもいい場所だと言うべきなのか お父様とかご家族とか 人間環境がすごくいいというのか,
,00:30:18:15,00:30:23:23,船曳,,面白いな 私はずっとそんな感じだったんですけど,
,00:30:24:01,00:30:32:20,伊藤,いやいやいや、それこそ私はずっとそんな感じだったんですけど、あれですよね。 船引さんはこれぜひお聞きしたいなと思ったのが、多分本当にいろんな国に行ってらっしゃると思うんですね。,,
,00:30:32:22,00:30:33:20,船曳,,そうですね,
,00:30:33:22,00:30:41:16,伊藤,一番最初の海外経験というか日本で出て ってのはいつ頃でどんな経験だったんですか,,
,00:30:41:18,00:30:51:13,船曳,,それこそ時代を表しますが、東大闘争というのをしていまして。 1968年という事だったんですか? 9年、そうですね。,
,00:30:51:15,00:30:55:05,伊藤,ちょうど1968年前後とかそれあたりですね,,
,00:30:55:06,00:31:02:23,船曳,,みんなにストライキのインチをしていたのに、 手短に切り上げようぜって言って辞めたんですよ。,
,00:31:03:00,00:31:04:14,話者 1,,,うぜ。
,00:31:04:16,00:31:26:01,船曳,,それも自分の趣味で 国立劇場の歌舞伎文楽の大道具のアルバイトというのをしまして やけに入りがいいんです お金 それでいっぱい貯めて それで翌年ぐらいに行きましたね,
,00:31:26:03,00:31:30:19,船曳,,でも全部は貯まなかったんで 半分は周りから借金しまくって,
,00:31:30:21,00:31:49:11,船曳,,半分は周りから借金しまくって 30までに芥川賞を取るか または取れなかったら30までに倍返しするという もちろん取れないのは分かってました,
,00:31:49:13,00:32:00:09,伊藤,そうだったんです。それは何かですか、ちょっと将来とか見据えて、留学っていう形で海外の大学に行ったんですか?,,
,00:32:00:11,00:32:03:18,船曳,,安借りというのがあって,
,00:32:03:20,00:32:41:11,船曳,,義理の兄が海外に留学をしていましたので それもあって羨ましいと思っていたから 逃走なんかしていたけれども 辞めてすぐ身に利のいいアルバイトをし で貯めてフランスに行ったんですが 一番最初の外国はソ連です 東って東って言ってたんですけど シベリア なるほど シベリア経由で行ったので ものすごく勉強になりました その辺は旅する地域を抱えていたような経験ですよね,
,00:32:41:13,00:32:46:00,伊藤,その辺は旅する地にも描かれていたような経験ですよね,,
,00:32:46:02,00:32:55:07,船曳,,でも海外に行くとき横浜から船で行ったんですけど 友達が見送りに来ましたよ なるほど何ですか分かんないですけど ブラックというか旗みたいなのが,
,00:32:55:09,00:32:58:14,伊藤,なるほど 何かあれですか分かんないですけど フラッグというか旗みたいなのが出たりとか,,
,00:32:58:16,00:32:59:11,話者 1,,,たり。
,00:32:59:13,00:33:01:05,船曳,,だ。,
,00:33:01:06,00:33:02:00,伊藤,そうなんですね,,
,00:33:02:00,00:33:09:15,船曳,,そう。今や早々たる映画評論家になっているS君とかですね。 他にもね、みんな友達が見送りに来ました。,
,00:33:09:17,00:33:14:14,船曳,,すごいですね。,
,00:33:14:16,00:33:25:05,伊藤,すごいですね もちろんね、ある程度したら戻ってくるかもしれないと思っていつつもそれだけ大事というか,,
,00:33:25:06,00:33:30:00,船曳,,へえ、そうですよね。 横浜からテープを,
,00:33:30:01,00:33:32:09,伊藤,よね。,,
,00:33:32:11,00:33:40:17,船曳,,笑っちゃうね いやいやいやいや,
,00:33:40:19,00:33:47:17,伊藤,いやいやいやいや。 事前にちょっと本を読ませていただいて、 旅する地って出されたのは2010…,,
,00:33:47:18,00:33:55:18,伊藤,旅する地って出されたのは2010… もっと前かな。 2000年代ですかね。 それこそ…,,
,00:33:55:19,00:33:59:14,船曳,,そうですね,
,00:33:59:16,00:34:27:12,伊藤,そこからこれもぜひお話したいなと思ったのが、 その後、経済的には円の価値がすごく変動というか多くなり、 そして2020年頃にはコロナがありみたいな、 まさに従来の国境を越えるみたいなことをちょっと問い直したりとか、 考えざるを得ないような機会ってかなりこの15年くらいあったなと思うんですけど、 その間海外に行かれたり逆に行かなかったりとか、 そのあたり船引さんどう見られてどう経験してきたのかなみたいな。,,
,00:34:27:14,00:34:39:16,船曳,,もういいですね。つまり僕はいろんなことをしていたけど、自分が何をしていたのか移動に関してよくわかってない存在を、鋭い鋭利なる分析力の伊藤さんから突っ込むという、これでいきますか。,
,00:34:39:18,00:35:40:23,船曳,,それでいくとね、例えば円高とか円の価値みたいなものはすごく大きかったですね、私の旅行。 だってニクソンショックっていうのは ヨーロッパに行っていた時に起きましたし それまではずっとフランが60円の時代に暮らして それから変動になってという 考えてみると行った時にはまだまだ日本は 今の日本ではなかったはずなんで ちょっと話はずれますが、初めてスコットランドに行った時にエディンバラで歩いていたら、後ろに子供がついてくるんです。 チーノ、チーノって冷やかしながら、中国人というかアジア人一般で、 ハーメルンの笛吹き男みたく後ろに子供を従えてね、エディンバラの街を子供たちもアジア人の若い子が歩いてるのを見る。,
,00:35:41:00,00:36:14:06,船曳,,遊んでるというか。 そうそう、それでポッと振り向くとみんなパッと逃げるの。でも面白くて見に来て。 それがまだ私の旅行の最初の頃そうだったのを思い出しますよね その後日本がもう細かく言っていったらキリがないんですが 明らかにお金日本の経済が上がって そしてまた停滞が来てっていう その上がる前の時はいわゆる,
,00:36:14:08,00:36:24:20,船曳,,皇居全体を売るとカリフォルニアが買えるんだ説とかね その時にまさにいました なるほどそういうことですね 法物の長者番付なんかで,
,00:36:24:22,00:36:27:22,伊藤,なるほど、それこそですね、フォーブスの長者番付なんかでも日本人が上にいて、,,
,00:36:28:00,00:37:08:02,船曳,,だからスコットランドなんかでも それはもうちょっと2回目の時かもしれません 30代の時にスコットランド行ったら ここのお城が一番安いのだと2億円ぐらいで買えると ちょっと大きいと5億円だ ただ5億円でお城を買っても5億円回収費にかかって それから毎年5000万ぐらい維持費があって でもねそんな話を高々30くらいの大学の教師が人とするような感じでしたね だから日本人が何でも買えた そういうことですよね,
,00:37:08:04,00:37:10:07,船曳,,私も見られていたしそう思ってもいた,
,00:37:10:09,00:37:13:20,伊藤,そういうことですよね まさにそう見られていたしそう思ってもいたっていうところですよね,,
,00:37:13:22,00:37:33:13,船曳,,そうした話したらキリがないんですけど この円でついには円安で持って 外国から人が来るようになるという これは大きな大きな変化ですよね,
,00:37:33:15,00:37:48:13,伊藤,私も今回、自然に気にしなくていいと思うんですけど、 自然にいただいていた資料だったりとか、 メールの中にもちらっと48歳差の2人にとって、,,
,00:37:48:15,00:37:50:22,船曳,,私は。,
,00:37:51:00,00:37:54:04,伊藤,おいそこかって感じ,,
,00:37:54:06,00:37:59:16,船曳,,でも私は1996年生まれ まさにバブルの平成普及,
,00:37:59:18,00:38:16:21,伊藤,まさにバブル後の平成不況 ちょっと平成不況終わるか真っ当な中かぐらいで 感覚としても 多分経済の流れ動向はいろいろあるとは思うんですけど 長く見ると経済が上向いている感覚がないまま育ってきたようなところがあると思うんですね,,
,00:38:16:22,00:38:24:11,船曳,,それ以降の僕もゼミというのを大学辞めてからも続けてますので,
,00:38:24:12,00:38:31:18,船曳,,一番上は管理級を超えているゼミ生から 一番下はまだ某大学で野球か何かやっているような幅があるんです,
,00:38:31:19,00:39:13:17,船曳,,一番下はまだ某大学で野球か何かやっているような幅があるんです でもその幅の中の日本の変化の大きさといったら 本当に激しいものがあって 就職氷河期の頃の学生も知っていれば その前の学生も知っているし その後の もうそれこそなるべくなら その前はカタカナの会社に行くと ちょっと落ちるなみたいな 難しい大蔵っていう名前だったり 東京会場火災 そういう名前のところが良かったのが,
,00:39:13:19,00:39:27:09,船曳,,その次はカタカナになってみたいな そういう海外との日本の関係もすごく変わってきてる だからこの48歳差は面白いよね,
,00:39:27:11,00:39:32:15,船曳,,計算するとそうなるんだと思って 私もちょうど辞聴の中でもちらっと触れた,
,00:39:32:17,00:39:39:00,伊藤,そうなんですよね。私もちょうど次長の中でもちらっと触れた大規模な調査を最近何度かやっていて、,,
,00:39:39:02,00:40:04:16,伊藤,その中で、一応私3月で30になるんですけど、20代と70代という観点で見てみると、やっぱりさ、あるよね。 例えば、これちょっと本に書いてないんですけど、面白かったものとして、 例えば、あなたは移動時間は無駄だと思いますか?みたいな問いをしているんですね。 そうすると、ここ本当に顕著に優位に差があって、20代だと67%が無駄だと思う。,,
,00:40:04:17,00:40:06:05,船曳,,70代だと31.2%ぐらいのダブルスコアというか,
,00:40:06:07,00:40:11:12,伊藤,ただ70代だと31.2%無駄だ。もうダブルスコアというか、倍ぐらい差がある。,,
,00:40:11:13,00:40:17:12,伊藤,ちょっと表現変えて、例えば最近だと新幹線とかでもワークスペースの方が付いていたりとかしますけど、,,
,00:40:17:14,00:40:20:12,伊藤,ワークスペースの。,,
,00:40:20:14,00:40:43:10,伊藤,移動時間に生産的な活動をしたいですか?ちょっと抽象的な聞き方ですけど、 そういう聞き方をした時も20代だとだいたい同意するっていうのが7割ぐらいだったんですけど 70代、60代、70代だと4割ぐらいでここもやっぱりかなり顕著に差があって これがその間の50代、40代、30代とか埋めるとだいたいなだらかに,,
,00:40:43:12,00:40:58:08,伊藤,20代が高くて70代にいくにつれて低くなるっていうグラフになっていて これは本当に興味深いですしこれは一体何だろうなっていうのは 今日一つお話ししたかったことでもありましたね 僕はどっちかというと移動の時間はもったいないと思って,,
,00:40:58:10,00:41:06:21,船曳,,本を持たずに移動ができないところがあります しかし話はちょっと飛ぶようですが,
,00:41:06:23,00:41:09:11,船曳,,しかし。,
,00:41:09:12,00:41:35:19,船曳,,私には塔上の姉がいて編集者なんですけれども 昔雑誌の編集もしていたので 書き手の方と旅行をすることがある そうすると東京駅でまずいろんなものを買い込むわけです すでに缶ビールとかがあったりして 列車が出発すると途端にプシュッとカンビルを開けて,
,00:41:35:21,00:41:57:00,船曳,,書き手の小説家の方とかに何かを食べながら車窓を見て話をして それもいわば編集の仕事に入っているというのかな そういうことですね そういう旅行の時間をそのように使っている話を 私のさらに遠も上の姉がよくしていました いやーすごいですよね,
,00:41:57:02,00:42:37:10,伊藤,いやーしろいですよね 本当に旅するとか遠出するみたいなことも 本当にそれこそ移動手段が変わって 多分時代を基本重ねるごとにどんどん早く行けるようになっているより 快適に多分行けるようになっているとは思うんですよね そういう中で私はあんまそういう経験がないんですけど いわゆるバックパッカー的な旅 そういう話にあの本出していこうとあることが たびたびあったりして だいたいその時に話として来るのが 最近の若い人って そういうことで20年前30年前と比べると バックパッカー的な旅ってしてなくないですか っていう風に聞かれるんですね 実態としてあんま調査がないので分からないんですけども,,
,00:42:37:12,00:42:50:02,伊藤,ただ私の周り もしくは一回り二回り上の方々と話していると 確かにバックパッカーっぽい人っていないかもしれない いわゆるこうなんていうんですかね,,
,00:42:50:04,00:43:06:23,伊藤,いわゆるこうなんていうんですかね カバン一つ持ってこれなんでだろうって思ったら 一個はもしかしたら先ほどのその生産性とか無駄みたいなところとの結びつきで やっぱりバックパッカーの旅のいいところって 目的がないところあるとすると自分を探すみたいなところだと思うんですけど,,
,00:43:07:00,00:43:15:00,伊藤,目的がないところがいいところで 生産的で効率的じゃないからこそいいって話だと思う,,
,00:43:15:06,00:43:18:02,船曳,,そうですね,
,00:43:18:03,00:43:31:00,伊藤,出会いとか 経験とかですね まず偶発性というか それがもしかしたらそのことに対する勝ちづけとか 意味づけがなかなかしづらいような状況にあるのかな,,
,00:43:31:01,00:43:43:08,船曳,,だからまさに沢木幸太郎さんっていう方が あの方が一つ私より上なのかな下なのかな 同じような感じで みんなよくヨーロッパに行ってた時の,
,00:43:43:10,00:44:03:10,船曳,,一番の書き手が沢木さんの深夜特急って言うんでしたっけ あれでしたが 僕もすでに同じことをしていて ヨーロッパの中をバックパッカーのように動いていましたし 日本に帰ってくる時は ずっとインドネパールタイとかそういうのを経由して なるほどなるほど最初はソ連経由で行って そう帰りは,
,00:44:03:10,00:44:05:23,伊藤,最初はソ連経由で帰りは,,
,00:44:06:01,00:44:17:18,船曳,,バンコクの宿はどこが安くていいかとかいうことを 情報をボンベイで仕入れるわけです そういうことですね 人も集まってくるし そうそう,
,00:44:17:18,00:44:21:04,伊藤,そういうことですね人も集まってくるし情報も集まってくるし,,
,00:44:21:06,00:44:46:22,船曳,,アリがずっと歩いていくように 情報を共有しながら 道をこっちに行けとかいうのを 伝え合うように歩いていましたね その間はやっぱり体験というのか 知らないことがどんどんどんどん 自分の中に積み重なってきますから 得している感覚はありましたけど 新しいことを知らないことが 自分の中に溜まっていくという,
,00:44:47:00,00:44:52:16,船曳,,自分の中に溜まっていくという 私も多分本質的にはそこって今は変わっていない気はして,
,00:44:52:18,00:45:26:04,伊藤,まさに私も多分本質的にはそこって今も変わってない気はしてて 例えば少し前に私の今所属しているグロコムの大先輩に今はいないんですけど 東博樹という哲学者がいるんですね 彼が弱いつながりみたいな本を書いてるんですけど そこで書いててなるほどなと当時学生時代に読んで思ったのが 今はすごくインターネットが広がってオンライン化する中で 検索キーワードがいろんなものがあふれていると ただ裏を返すと自分が持っている検索キーワードの中でしか 検索活動ってできないじゃないですか 自分が持ってないキーワードで検索するってことはできないので,,
,00:45:26:06,00:45:32:07,伊藤,実は開かれているようですごい閉じているというか それに合わせて広告だったりとか最近YouTubeとか,,
,00:45:32:09,00:45:37:21,伊藤,それに合わせて広告だったりとか最近YouTubeとか SNSで流れてくるものも最適化される,,
,00:45:37:23,00:45:41:03,伊藤,伊藤はこれが好きだからこいつはこれが買うだろうみたいな感じで ほらあれひどいですよね,,
,00:45:41:03,00:45:44:00,船曳,,本当最適化の方法 すごいですね,
,00:45:44:02,00:45:47:18,伊藤,マーケティングと広告で それを打開していく,,
,00:45:47:20,00:46:27:00,伊藤,それを打開していく そういう泡というか壁に包まれたところを打開するためには やっぱり今日常の中にはないキーワードを探しに行かなきゃいけない じゃあ違うキーワードを探しに行くって何かっていうと その一つの方法が観光っていうのは非常に象徴的だと 普段暮らしている場所じゃないので見たものを検索するかもしれないし そもそも何て検索すればいいのか分からないような植物がそこに生えていたりもするかもしれないし そういう観光を通した弱いつながりを作っていくことで まるし閉じてしまいがちな世界においては広がっていくんだみたいなことを彼が書いていて それから考えない学部時代に読んでなるほどなと思いましたし,,
,00:46:27:02,00:46:33:02,伊藤,今でも、より一層そういう側面は 強くなっていると思うんですよね。,,
,00:46:33:02,00:46:45:02,船曳,,旅してる間に何か得たことっていうのが次を引っ張ってきてくれるっていうのがありまして もう一つこれも今の話でどちらかというと国外の話だったんですけど,
,00:46:45:04,00:46:58:15,伊藤,もう一つ、これも今の話で どちらかというと国外の話だったんですけど、 私最初にちらっと話した通り、どちらかというと 研究対象が国内の農産村だったりとか 商店街と言われるところだったりとか,,
,00:46:58:17,00:47:06:18,伊藤,国内の地方の街づくりとか移動とか そういう研究をずっとやっていて 結構昨今お会いするのが,,
,00:47:06:20,00:48:04:14,伊藤,東京出身でとか大都市圏出身で 移住して地方に来ましたと いわゆる地方移住とか アイターンとかですね 言われるような 多分昔前のとこ田舎暮らしと言われたような そういった方なんかにも出会って 彼らがただそこで暮らすだけじゃなくて 地域に貢献するとかですね 街づくりに貢献するとか そういうマインドすごく強く 多分東大とかにもいらっしゃると ここに書いてます 私自身も多分生まれて地元は長野なんです 多分そういうマインドとか傾向を持っているなと これいいことだなって すごいいいことだなっていろんなところで言われる 一方で私は国際大学ってところにいると いわゆるJICAとか例えば青年海外協力隊とか 国外に出て行って何か国際開発活動に貢献するとか 協力活動をするみたいな方々にも会うわけですよね そっちの話聞いていると統計にも顕著なところで,,
,00:48:04:16,00:48:12:00,伊藤,そっちの話聞いていると統計にも顕著なところで すごい青年海外協力隊の人数って減っているんですよね 急速に減っていてまずいよねみたいな話が国レベルでされていると,,
,00:48:12:02,00:48:17:21,伊藤,地方に出て行って街づくりとか活性化をする人はこんなにいるにもかかわらず,,
,00:48:17:23,00:48:44:21,伊藤,海外に行く人は同じように協力活動とか貢献活動に見えるのに減っているというのは たまに若い人は内向き思考なんて言われますけど 単なる内向きみたいな言葉だけでは片付けられない でも中長期的に見てこれって本当に国としていいことなのかと思うと ちょっと最近悩ましいというか疑問がつくところもあるという,,
,00:48:44:23,00:48:48:23,船曳,,海外専念協力隊とか割と昔から身近にあって,
,00:48:49:01,00:48:56:22,船曳,,私の中根知恵先生という方があれをできるときに 中心のお一人だったと思うんですね,
,00:48:57:00,00:49:10:07,船曳,,僕と同輩の人たちが海外で調査をするときに 調査資金をまるまる取れたりはしないわけなので,
,00:49:10:09,00:49:28:10,船曳,,海外青年協力隊 青年海外協力隊ですか あれに入って向こうで教えてるっていう 手を取りつつ調査をすると 時にはある人なんか合気道を教えつつ,
,00:49:28:12,00:49:37:20,船曳,,面白いですね 中部屋に行った彼なんか 合気道を教えつつ調査をして,
,00:49:37:22,00:50:00:20,船曳,,青年として協力をしてしながらですね その後僕の指導員生の中にも あれで行ったのがたくさんいますよね そして僕も調査に行くとそこでJICAの来た若者たちを取りまとめる方っていうのが職員が首都みたいなところにいて,
,00:50:00:22,00:50:24:05,船曳,,よくそういうところに行ったりして 僕自身は直接関わってはないんですが 昔から非常に身近にあってそれが減っていると でもあの時一つのモデルになったのがアメリカのピースコアっていうのかな 平和部隊いいんですか,
,00:50:24:07,00:50:36:00,船曳,,それが海外に行くとそれで来たと あれはケネディがやったんですかね ケネディの前の政権 ピースコアが日本にとっての一つのモデルだったと思うんだけど,
,00:50:36:02,00:51:05:10,船曳,,ピースコアが日本にとっての一つのモデルだったと思うんだけど それはどうなのかなアメリカで まさにそうしたことからトランプさんはだんだん引き上げようとしているわけだから ある意味日本だけじゃなくて最近のその話ともつながるのかもしれませんね そういった意味で言うと,
,00:51:05:12,00:51:22:15,伊藤,そういった意味で言うと うなびきさんは文化人類学者だと思うんですよね そういった意味で私はいつも社会学で言うと 社会学者の移動とか調査するということと 多分人類学者としてとかですね,,
,00:51:22:17,00:51:30:23,伊藤,多分人類学者としてとかですね 文化人類学者が国境を越えて移動するとか まさに今の話のように調査をする エスノグラフィー 山陽観察をするというところ,,
,00:51:31:00,00:51:47:14,伊藤,本質的な違いかどうかというのは分からないんですけど ただなんとなく学問的な少し考え方の違いだったりとか あと人類学だとそのことをめぐる 時制的な議論もかなりされているじゃないですか,,
,00:51:47:16,00:51:58:20,船曳,,人類学についての人類学研究みたいなのが始まりましたよね その辺思われますかやっぱ人類学者,
,00:51:58:22,00:52:10:01,伊藤,その辺思われますか 人類学者 ある種なんていうんですかね 旗から見てると多分海外フィールドの方であれば 海外行って数ヶ月から行ってなんぼだろう みたいなところって絶対あるような気はするんですけど 時代により違いだったりとか,,
,00:52:10:03,00:52:13:06,伊藤,時代により違いだったりとか あるのかないのかとかどうなんだろうな,,
,00:52:13:08,00:52:31:20,船曳,,イギリスに留学したりすると 人類学者同士が話し合うと お互いどこにどれぐらいいたかっていうのが 今の言葉で言うとマウントのところがあって どっちが厳しいところに行っていたかみたいなのが,
,00:52:31:22,00:52:37:06,船曳,,その後からだんだん いやそんなアマゾンなんかに行っても,
,00:52:37:07,00:52:47:20,船曳,,もう調査はできなくて それこそベルリンの 例えば昔の東毒側のところの調査みたいな方が おしゃれだよみたいになってきたと思うんだけど,
,00:52:47:22,00:53:14:12,船曳,,おしゃれだよみたいになってきたと思うんだけど 昔はやっぱりどれぐらい未開かみたいな競争をやってましたね 私はわざと自分で少しフィクションとしてでも 未開の地に行く探検家のようにして調査をしたいと 自分で思っていたので 最早化と関係なくて気持ちの部分が 気持ちの部分で,
,00:53:14:14,00:53:15:22,伊藤,一切そうかと関係なくて気持ちの部分だったりとか,,
,00:53:16:00,00:53:22:06,船曳,,だから笑い話みたいですけど銃を持ってきましたよ 銃を持っていくってどうやって,
,00:53:22:08,00:53:25:02,伊藤,銃を持っていくってどこからどう持っていくのか,,
,00:53:25:04,00:53:41:19,船曳,,何か取ると食料になるかなと思って すごいものだと銃が見えにくいので 空気銃ですが それでも千田街の警察署かなんかに申請をして 銃を買って,
,00:53:41:21,00:54:01:23,船曳,,飛行機に乗るとき案外大変だったりして でもちょっと自分で自分をフィクション化して 探検家にしていました それは社会学とちょっと違うかもしれない でも船口さん今頃そんな人類学者いませんよって,
,00:54:02:00,00:54:05:02,伊藤,かもしれない。,,
,00:54:05:04,00:54:06:11,話者 1,,,です。
,00:54:06:12,00:54:45:22,船曳,,僕は割とその前の世代のマリノスキーとか そういう世代の真似をしたかったっていうのがあったので 古典的に自分の調査を捉えていました 同時にもう自制的に捉えるということも始まっていたから 自分がフィクション化してフィクションを相手に押し付けているんだろうみたいなことは すでにもう気がついていて それでもなるべく何にも文明の力のないところにと選んでいきましたね,
,00:54:46:00,00:54:54:16,伊藤,私の話も今の聞いて 社会学って何だろうなと思うと 社会学の場合どうだろうなと思うと,,
,00:54:54:18,00:54:58:08,伊藤,もちろん産業観察して エスノグラフィーしてという方もいて,,
,00:54:58:10,00:55:16:10,伊藤,私の場合は新書の中では書いて チラッと終わりにに書いたんですけど 終始の頃だったりとか 現在も継続的にいくつか 農村集落に関わりがあって そこの方々と関係性を築いて話を聞いて,,
,00:55:16:12,00:55:53:18,伊藤,そこの方々と関係性を築いて話を聞いて 私もすごい印象的というか今でも覚えている話としては 私は移動してその地域に行くわけですよね その集落に行きますと ある種の日本の雰囲気的にも政策的にも 今人口減少していますと 高齢化していますと いわゆる限界集落と言われるようなところも増えていますという中で いかに賢くしぼんでいくかというか賢く縮んでいくかみたいなところって すごくホットな課題になっていると思うんですよね,,
,00:55:53:20,00:55:56:13,伊藤,ただ一方でそういったことが突発的にあるし強制的にやろうとしたり発言すると,,
,00:55:56:15,00:56:01:15,伊藤,当然それに対してはそうじゃないだろうという意見もあると,,
,00:56:01:17,00:56:07:05,伊藤,私も当時今よりもっと若い頃は,,
,00:56:07:07,00:56:27:12,伊藤,なんで確かにそういう例えばすごく山の中の集落に住んでる人って住んでるんだろうなとか思ったりして言ったんですよね でもそのことにしたいに関心があって聞きに行った時に出会ったあるおじいさんが なんでここに住んでるかっていうとここは不便なことは当然自分も分かってるよと不便なことは分かってるし,,
,00:56:27:14,00:56:31:00,伊藤,合理的じゃないことも分かってるし町の例えば役場とかがこういうところから撤退したいのも分かってるんだと,,
,00:56:31:02,00:56:39:16,伊藤,ただ2つ理由はあって 1つはまずこの場所が好きだから住んでるんだと,,
,00:56:39:18,00:57:03:21,伊藤,不便云々よりも好きだからここにいるんだっていうのが1つ もう1つはこういううちぐらいしか民家がない時代で こういう地域だからこそ自分がしっかりと この集落を見取らなきゃいけないんだっていう風におっしゃってたんですね つまり自分の内でしっかり終わらせたい なんかずるずるずると終わらせていくんじゃなくて 始まりあるものはじゃないですけど,,
,00:57:03:23,00:57:13:01,伊藤,これを子どもとか孫とかにお願いするのは到底それはできないよねという話をされていたときに 例えばそれはもしかしたらオンライン中の情報を通してかもしれないですし,,
,00:57:13:03,00:57:40:01,伊藤,人から聞いてでは何でそこに住んでいるのか当然わからない 一見すると不合理な選択をしているように見えるんだけれども その方にはその方なりの他者の合理性とかって言ったりしますけど その人の合理性があって理由があって こういうものって具体的な政策の話とか計画の話とかで反映されているかというと 当然基本は見落とされて見過ごされて漏れているわけなので,,
,00:57:40:03,00:57:58:01,伊藤,こういうものをしっかり拾って何か計画に反映するとか声を届けるとか 課題解決に生かすとかそういうことっていうのが 私にとっての一つの社会学的なアプローチであり 一つ自分がやっていきたいことをやっていくべき 世代としてやっていくべきことなんだろうなぁなんていうふうに思うんですよね,,
,00:57:58:03,00:58:16:15,船曳,,そこはですね48歳差がないところなんですよ 私も55年前に山形県の鶴岡市の山の方に行ったところの 黒川農というので有名な 行政府としては今鶴岡市になっていますけど 黒川と呼ぶことにします,
,00:58:16:17,00:59:02:12,船曳,,黒川と呼ぶことにします そこに55年前に出かけていって 先ほどの姉がそこの特集をしたのですね ある雑誌で 55年前に行って 同級生たちがやっぱりいるのです 団塊の世代ですから 彼らが出稼ぎで東京に来たりして 僕結婚したばかりだったんで 我が家に訪ねてきたりして ということを最近その55年経って 久しぶりに村に行ってみたら 神社の長老にみんななってるんですよ もう55年前に,
,00:59:02:13,00:59:14:21,船曳,,ゴンジローのじいさんっていうのがいて その人が立派に見えたのを 今 定吉君とか 結城とかがやっているっていう 聞かれたらまずいんだけど,
,00:59:14:21,00:59:15:18,話者 1,,,て。
,00:59:15:20,00:59:30:11,船曳,,すごい それとともに 同級生の一人が お祭りがね すごくそこはしっかりあるあれなんですよ 宮座で上座と下座があって,
,00:59:30:12,00:59:31:00,船曳,,志が。,
,00:59:31:00,00:59:32:01,伊藤,あって。,,
,00:59:32:03,00:59:39:00,船曳,,それで上座の陶屋を同級生の長兵衛が 今度陶屋が来るっていうので,
,00:59:39:02,01:00:02:12,船曳,,今度陶屋が来るっていうので その陶屋を受ける前の年の受け陶屋というのに 一昨年ぐらいに久しぶりに真剣に行ったんですよ それまでも時々は言ってたんですが そしたら村が蒸発するんだっていうのを目の当たりにしました,
